d3k2	Vitamin D3 supplementation	1992
omega3	Omega-3 supplementation	2813
omega3-algae	Algae Omega-3 supplementation	17
multivit	Multivitamin supplementation	424
mag-glycinate	Magnesium supplementation	666
ashwagandha	Ashwagandha	112
l-theanine	L-Theanine supplementation	12
glycine	Glycine supplementation	342
b12	Vitamin B12 supplementation	692
b-complex	Vitamin B Complex supplementation	1850
rhodiola	Rhodiola	92
lions-mane	Hericium erinaceus	12
creatine	Creatine	4284
collagen	Collagen supplementation	462
curcumin	Curcumin	1081
glucosamine	Glucosamine	460
vit-c	Vitamin C supplementation	1147
zinc	Zinc supplementation	1550
elderberry	Elderberry	38
probiotic	Multi-Strain Probiotic	170
digestive-enzymes	Digestive Enzymes	3890
iron	Iron supplementation	1962
coq10	Coenzyme Q10	751
biotin	Biotin supplementation	36
nac	N-Acetyl Cysteine supplementation	139
taurine	Taurine supplementation	133
acetyl-l-carnitine	Acetyl-L-Carnitine supplementation	39
l-carnitine	L-Carnitine Tartrate supplementation	20
ala	Alpha-Lipoic Acid	420
berberine	Berberine	244
quercetin	Quercetin	505
resveratrol	Resveratrol	576
pqq	Pyrroloquinoline quinone	11
ubiquinol	Ubiquinol	60
mag-citrate	Magnesium supplementation	666
mag-threonate	Magnesium L-Threonate supplementation	1
vit-k2	Vitamin K2 MK-7 supplementation	26
selenium	Selenium supplementation	838
iodine	Iodine supplementation	212
chromium	Chromium supplementation	174
boron	Boron supplementation	15
inositol	Inositol	720
melatonin	Melatonin	1956
5-htp	5-HTP	114
valerian	Valerian	108
saffron	Saffron	249
holy-basil	Holy Basil	18
panax-ginseng	Korean Red Ginseng	503
bacopa	Bacopa Monnieri	35
ginkgo	Ginkgo Biloba	580
citicoline	Citicoline	155
alpha-gpc	Alpha-GPC	6
phosphatidylserine	Phosphatidylserine	111
astaxanthin	Astaxanthin	130
lutein	Lutein	474
msm	MSM	1061
boswellia	Boswellia	113
l-glutamine	L-Glutamine supplementation	425
milk-thistle	Milk Thistle	113
spirulina	Spirulina	151
chlorella	Chlorella	54
beetroot	Beetroot	429
l-citrulline	L-Citrulline	325
beta-alanine	Beta-Alanine	578
mct-oil	MCT	844
tongkat-ali	Tongkat Ali	16
maca	Maca	47
cordyceps	Cordyceps	57
reishi	Reishi	35
methylfolate	Methylfolate supplementation	7
vit-a	Vitamin A supplementation	977
vit-e	Vitamin E supplementation	1493
phosphatidylcholine	Phosphatidylcholine	615
choline	Choline Bitartrate supplementation	169
vit-b6	Vitamin B6 supplementation	345
vit-b1	Thiamine supplementation	130
vit-b3	Niacinamide supplementation	46
vit-b2	Riboflavin supplementation	135
zma	Zinc Magnesium Aspartate	7
lithium-orotate	Lithium orotate supplementation	0
fenugreek	Fenugreek	103
dim	Diindolylmethane	12
saw-palmetto	Saw Palmetto	127
evening-primrose	Evening Primrose supplementation	39
cranberry	Cranberry	276
hawthorn	Hawthorn Berry	21
aged-garlic	Aged garlic extract	94
nattokinase	Nattokinase	11
psyllium	Psyllium Husk	33
inulin	Inulin	657
ginger	Ginger	537
green-tea	Green Tea EGCG	127
l-tyrosine	Tyrosine supplementation	138
tudca	TUDCA	29
whey-isolate	Whey Protein Isolate	162
plant-protein	Plant Protein Blend	57
dha-prenatal	Docosahexaenoic acid supplementation	1346
bcaa	BCAAs	153
eaa	Essential Amino Acids	5877
moringa	Moringa	79
nmn	Nicotinamide Mononucleotide	29
nr	Nicotinamide Riboside	36
fisetin	Fisetin	21
urolithin-a	Urolithin A	31
spermidine	Spermidine	51
ca-akg	Alpha-ketoglutarate	210
apigenin	Apigenin	57
pterostilbene	Pterostilbene	10
tmg	Betaine supplementation	107
tributyrin	Tributyrin	3
lactoferrin	Lactoferrin	406
s-boulardii	Saccharomyces boulardii	196
dgl	Licorice	241
zinc-carnosine	Zinc-Carnosine	36
theacrine	Theacrine	12
uridine	Uridine Monophosphate	228
pycnogenol	Pycnogenol	91
huperzine	Huperzine A	35
hyaluronic-acid	Hyaluronic Acid supplementation	44
tocotrienols	Tocotrienols supplementation	56
silica	Silicon supplementation	15
ceramides	Ceramides	277
hmb	HMB	333
tart-cherry	Tart Cherry	73
l-arginine	L-Arginine supplementation	568
d-aspartic	D-Aspartic Acid	45
tribulus	Tribulus Terrestris	50
tryptophan	L-Tryptophan supplementation	132
magnolia-bark	Magnolia	126
passionflower	Passionflower	47
lemon-balm	Lemon Balm	456
gaba	GABA supplementation	65
bergamot	Citrus Bergamot	20
red-yeast-rice	Red Yeast Rice	104
garlic-aged-evening	Olive leaf	43
bilberry	Bilberry	51
dandelion	Dandelion	13
artichoke	Artichoke	73
chasteberry	Chasteberry	58
black-cohosh	Black Cohosh	93
nettle-root	Nettle	71
pumpkin-seed-oil	Pumpkin	51
white-willow	White Willow	297
glutathione	Glutathione supplementation	869
astragalus	Astragalus	492
mucuna	Mucuna Pruriens	13
eleuthero	Eleuthero	39
schisandra	Schisandra Berry	6
chaga	Chaga	902
potassium	Potassium supplementation	391
calcium	Calcium supplementation	2561
turkey-tail	Turkey Tail	10
tremella	Tremella	3
oregano-oil	Oregano	55
olive-leaf	Olive leaf	43
sulforaphane	Sulforaphane	108
gotu-kola	Gotu Kola	77
maitake	Maitake	9
agmatine	Agmatine	10
carnosine	L-Carnosine	203
l-ornithine	L-Ornithine supplementation	47
gymnema	Gymnema Sylvestre	24
cinnamon	Ceylon Cinnamon	116
shatavari	Shatavari	9
echinacea	Echinacea	114
andrographis	Andrographis paniculata	45
shilajit	Shilajit	9
caffeine	Caffeine	2890
sam-e	SAM-e	184
st-johns-wort	St. Johns Wort	316
chamomile	Chamomile	171
grape-seed	Grape	568
green-coffee-bean	Green Coffee Bean	21
glucomannan	Glucomannan	80
apple-cider-vinegar	Apple Cider Vinegar	11
betaine-hcl	Betaine	294
colostrum	Bovine Colostrum	240
dhea	DHEA	1050
d-mannose	D-Mannose	234
bromelain	Bromelain	110
serrapeptase	Serrapeptase	16
l-lysine	L-Lysine supplementation	104
black-seed-oil	Nigella sativa	186
sea-moss	Sea Moss	3
beta-sitosterol	Beta-Sitosterol	134
pygeum	Pygeum	11
calcium-d-glucarate	Calcium D-Glucarate	150
horny-goat-weed	Horny Goat Weed	4
propolis	Bee Propolis	243
devils-claw	Devils Claw	23
chondroitin	Chondroitin	484
lycopene	Lycopene	486
feverfew	Feverfew	21
horse-chestnut	Horse Chestnut	0
aloe-vera	Aloe Vera	320
slippery-elm	Slippery Elm	4
lavender	Lavender	538
cats-claw	Cats Claw	18
pomegranate	Pomegranate	240
bitter-melon	Bitter Melon	37
dong-quai	Dong Quai	35
DONE rows=201
